"species","chlA_mass.mean","chlB_mass.mean","chl_AB.mean","chl_tot_mass.mean","chlA_mass.std.error","chlB_mass.std.error","chl_AB.std.error","chl_tot_mass.std.error"
"Sel_anc",6.4181657636462,4.41459788260551,1.52194410935694,10.8293349562372,0.388837116766756,0.4130873809154,0.0573402313635049,0.792549403878153
"Sel_art",6.73825102256574,3.05673828424226,2.48059949915067,9.79219125720907,0.421811497659086,0.316110505912577,0.319135039859094,0.654661568370384
"Sel_ate",5.96007218556533,4.4305764377966,1.35753335346251,10.3872964718734,0.403804141620144,0.299446685381993,0.0426755521846783,0.678666852484218
"Sel_eur",4.47933136591983,2.92170015502714,1.51507842666783,7.3987195186814,0.382283079809429,0.136828847516988,0.074473581423382,0.500612075771621
"Sel_oax",7.61018180504583,4.12657076742994,1.89229435584009,11.7332499157305,0.421084812600058,0.324046288120694,0.0586898743088361,0.72582161381207
"Sel_swim",5.48459695623121,2.99448121789828,1.84204583688193,8.47654342618108,0.180881861649596,0.104743961223063,0.0522244145853903,0.264352821106543
"Sel_umb",4.68346634305839,3.04973341228179,1.60250660172917,7.73078498811836,0.32542997511484,0.279649435522704,0.0797649890200157,0.576745581857331
